INSERT INTO usuario (fecha_actualizacion, fecha_creacion, correo, nombre, contrasena, rol) VALUES ('2024-11-14 10:00:00', '2024-11-01 09:00:00', 'carlos.gomez@escuela.com', 'Carlos Gómez', 'contraseña123', 'ADMINISTRADOR');
INSERT INTO usuario (fecha_actualizacion, fecha_creacion, correo, nombre, contrasena, rol) VALUES ('2024-11-14 10:00:00', '2024-11-01 09:00:00', 'maria.lopez@escuela.com', 'María López', 'contraseña123', 'DOCENTE');
INSERT INTO usuario (fecha_actualizacion, fecha_creacion, correo, nombre, contrasena, rol) VALUES ('2024-11-14 10:00:00', '2024-11-01 09:00:00', 'juan.perez@escuela.com', 'Juan Pérez', 'contraseña123', 'PADRE');
INSERT INTO usuario (fecha_actualizacion, fecha_creacion, correo, nombre, contrasena, rol) VALUES ('2024-11-14 10:00:00', '2024-11-01 09:00:00', 'ana.torres@escuela.com', 'Ana Torres', 'contraseña123', 'ESTUDIANTE');
INSERT INTO estudiante (activo, usuario_id, grado) VALUES(true, 1, '5to Grado');
INSERT INTO estudiante (activo, usuario_id, grado) VALUES(true, 2, '6to Grado');
INSERT INTO estudiante (activo, usuario_id, grado) VALUES(true, 3, '5to Grado');
INSERT INTO estudiante (activo, usuario_id, grado) VALUES(true, 4, '4to Grado');
INSERT INTO asistencia (estudiante_id, fecha, estado) VALUES(1, '2024-11-02', 'AUSENTE');
INSERT INTO asistencia (estudiante_id, fecha, estado) VALUES(2, '2024-11-01', 'TARDANZA');
INSERT INTO asistencia (estudiante_id, fecha, estado) VALUES(3, '2024-11-01', 'PRESENTE');
INSERT INTO asignatura (nombre) VALUES('Matemáticas');
INSERT INTO asignatura (nombre) VALUES('Ciencias');
INSERT INTO asignatura (nombre) VALUES('Historia');
INSERT INTO asignatura (nombre) VALUES('Lenguaje');
INSERT INTO calificacion (estudiante_id, asignatura_id, calificacion, fecha) VALUES(1, 1, 85.5, '2024-11-01');
INSERT INTO calificacion (estudiante_id, asignatura_id, calificacion, fecha) VALUES(1, 2, 92.0, '2024-11-01');
INSERT INTO calificacion (estudiante_id, asignatura_id, calificacion, fecha) VALUES(2, 3, 78.0, '2024-11-01');
INSERT INTO calificacion (estudiante_id, asignatura_id, calificacion, fecha) VALUES(3, 4, 88.5, '2024-11-01');
INSERT INTO mensaje (remitente_id, destinatario_id, mensaje, fecha_envio) VALUES(2, 3, 'Estimado Juan, su hijo ha mejorado en Matemáticas', '2024-11-01 10:00:00');
INSERT INTO mensaje (remitente_id, destinatario_id, mensaje, fecha_envio) VALUES(2, 3, 'Recuerde revisar las tareas pendientes', '2024-11-02 14:00:00');
INSERT INTO mensaje (remitente_id, destinatario_id, mensaje, fecha_envio) VALUES(3, 2, 'Gracias, estamos trabajando en ello', '2024-11-02 15:00:00');
INSERT INTO mensaje (remitente_id, destinatario_id, mensaje, fecha_envio) VALUES(2, 3, 'Cita para reunión de progreso el lunes', '2024-11-03 09:00:00');
INSERT INTO material (titulo, descripcion, archivo_url, docente_id) VALUES('Guía de Matemáticas', 'Material de apoyo para la clase de Matemáticas', 'http://ejemplo.com/guia-matematicas.pdf', 2);
INSERT INTO material (titulo, descripcion, archivo_url, docente_id) VALUES('Guía de Ciencias', 'Material de apoyo para la clase de Ciencias', 'http://ejemplo.com/guia-ciencias.pdf', 2);
INSERT INTO material (titulo, descripcion, archivo_url, docente_id) VALUES('Resumen de Historia', 'Resumen del capítulo 5 de Historia', 'http://ejemplo.com/resumen-historia.pdf', 2);
INSERT INTO material (titulo, descripcion, archivo_url, docente_id) VALUES('Lectura de Lenguaje', 'Lectura para analizar en clase', 'http://ejemplo.com/lectura-lenguaje.pdf', 2);
INSERT INTO curso (nombre, docente_id) VALUES('Matemáticas 5to Grado', 2);
INSERT INTO curso (nombre, docente_id) VALUES('Ciencias 6to Grado', 2);
INSERT INTO curso (nombre, docente_id) VALUES('Historia 5to Grado', 2);
INSERT INTO curso (nombre, docente_id) VALUES('Lenguaje 4to Grado', 2);
INSERT INTO curso_estudiantes (curso_id, estudiante_id) VALUES(1, 1);
INSERT INTO curso_estudiantes (curso_id, estudiante_id) VALUES(2, 2);
INSERT INTO curso_estudiantes (curso_id, estudiante_id) VALUES(3, 3);
INSERT INTO curso_estudiantes (curso_id, estudiante_id) VALUES(4, 4);
INSERT INTO tareas (titulo, descripcion, curso_id, fecha_entrega) VALUES('Tarea de Matemáticas', 'Resolver los ejercicios del libro', 1, '2024-11-10');
INSERT INTO tareas (titulo, descripcion, curso_id, fecha_entrega) VALUES('Tarea de Ciencias', 'Investigar sobre el sistema solar', 2, '2024-11-12');
INSERT INTO tareas (titulo, descripcion, curso_id, fecha_entrega) VALUES('Proyecto de Historia', 'Realizar un ensayo sobre el capítulo estudiado', 3, '2024-11-15');
INSERT INTO tareas (titulo, descripcion, curso_id, fecha_entrega) VALUES('Lectura de Lenguaje', 'Leer y analizar el capítulo 3', 4, '2024-11-18');
INSERT INTO tareas_entregadas (tarea_id, estudiante_id, fecha_entrega, archivo_url) VALUES(1, 1, '2024-11-08', 'http://ejemplo.com/tarea-matematicas.pdf');
INSERT INTO tareas_entregadas (tarea_id, estudiante_id, fecha_entrega, archivo_url) VALUES(2, 2, '2024-11-11', 'http://ejemplo.com/tarea-ciencias.pdf');
INSERT INTO tareas_entregadas (tarea_id, estudiante_id, fecha_entrega, archivo_url) VALUES(3, 3, '2024-11-14', 'http://ejemplo.com/proyecto-historia.pdf');
INSERT INTO tareas_entregadas (tarea_id, estudiante_id, fecha_entrega, archivo_url) VALUES(4, 4, '2024-11-17', 'http://ejemplo.com/lectura-lenguaje.pdf');